{
    "name": "root",
    "gauges": {
        "autoDrone01_AutoDrone.Policy.Entropy.mean": {
            "value": 1.4097859859466553,
            "min": 1.4097859859466553,
            "max": 1.4189382791519165,
            "count": 18
        },
        "autoDrone01_AutoDrone.Environment.EpisodeLength.mean": {
            "value": 1999.0,
            "min": 131.88679245283018,
            "max": 1999.0,
            "count": 18
        },
        "autoDrone01_AutoDrone.Policy.ExtrinsicValueEstimate.mean": {
            "value": -0.22912776470184326,
            "min": -0.9641366004943848,
            "max": -0.22912776470184326,
            "count": 18
        },
        "autoDrone01_AutoDrone.Environment.CumulativeReward.mean": {
            "value": 0.0,
            "min": -0.9974193551367329,
            "max": 0.0,
            "count": 18
        },
        "autoDrone01_AutoDrone.Policy.ExtrinsicReward.mean": {
            "value": 0.0,
            "min": -0.9974193551367329,
            "max": 0.0,
            "count": 18
        },
        "autoDrone01_AutoDrone.IsTraining.mean": {
            "value": 1.0,
            "min": 1.0,
            "max": 1.0,
            "count": 18
        },
        "autoDrone01_AutoDrone.Losses.ValueLoss.mean": {
            "value": 0.0011342490324750543,
            "min": 0.0007470359560102224,
            "max": 0.03921199217438698,
            "count": 8
        },
        "autoDrone01_AutoDrone.Losses.PolicyLoss.mean": {
            "value": 0.012339298613369465,
            "min": 0.012339298613369465,
            "max": 0.02204878441989422,
            "count": 8
        },
        "autoDrone01_AutoDrone.Policy.LearningRate.mean": {
            "value": 0.00029012103914283216,
            "min": 0.00029012103914283216,
            "max": 0.0002987703192047775,
            "count": 8
        }
    },
    "metadata": {
        "timer_format_version": "0.1.0",
        "start_time_seconds": "1601967109",
        "python_version": "3.8.3 (default, May 19 2020, 06:50:17) [MSC v.1916 64 bit (AMD64)]",
        "command_line_arguments": "D:\\Softwares\\Anaconda3\\envs\\mlagents\\Scripts\\mlagents-learn config\\trainer_config.yaml --run-id=autoDrone01",
        "mlagents_version": "0.16.1",
        "mlagents_envs_version": "0.16.1",
        "communication_protocol_version": "1.0.0",
        "tensorflow_version": "2.2.0",
        "end_time_seconds": "1601967788"
    },
    "total": 679.3807496,
    "count": 1,
    "self": 0.0017475999999305714,
    "children": {
        "run_training.setup": {
            "total": 0.21215079999999986,
            "count": 1,
            "self": 0.21215079999999986
        },
        "TrainerController.start_learning": {
            "total": 679.1668512,
            "count": 1,
            "self": 24.25591080000629,
            "children": {
                "TrainerController._reset_env": {
                    "total": 15.8682838,
                    "count": 1,
                    "self": 15.8682838
                },
                "TrainerController.advance": {
                    "total": 636.0523590999936,
                    "count": 15882,
                    "self": 0.20221589999289336,
                    "children": {
                        "env_step": {
                            "total": 635.8501432000007,
                            "count": 15882,
                            "self": 608.3817811000006,
                            "children": {
                                "SubprocessEnvManager._take_step": {
                                    "total": 27.2253408000026,
                                    "count": 15882,
                                    "self": 0.6210559999974521,
                                    "children": {
                                        "NNPolicy.evaluate": {
                                            "total": 26.604284800005146,
                                            "count": 15697,
                                            "self": 26.604284800005146
                                        }
                                    }
                                },
                                "workers": {
                                    "total": 0.24302129999752964,
                                    "count": 15881,
                                    "self": 0.0,
                                    "children": {
                                        "worker_root": {
                                            "total": 659.0095921000018,
                                            "count": 15881,
                                            "is_parallel": true,
                                            "self": 86.27453010000261,
                                            "children": {
                                                "steps_from_proto": {
                                                    "total": 0.02111550000000051,
                                                    "count": 1,
                                                    "is_parallel": true,
                                                    "self": 0.00015729999999614108,
                                                    "children": {
                                                        "_process_vector_observation": {
                                                            "total": 0.020958200000004368,
                                                            "count": 14,
                                                            "is_parallel": true,
                                                            "self": 0.020958200000004368
                                                        }
                                                    }
                                                },
                                                "UnityEnvironment.step": {
                                                    "total": 572.7139464999992,
                                                    "count": 15881,
                                                    "is_parallel": true,
                                                    "self": 2.2809411000038153,
                                                    "children": {
                                                        "UnityEnvironment._generate_step_input": {
                                                            "total": 7.423232899998766,
                                                            "count": 15881,
                                                            "is_parallel": true,
                                                            "self": 7.423232899998766
                                                        },
                                                        "communicator.exchange": {
                                                            "total": 544.7553472999983,
                                                            "count": 15881,
                                                            "is_parallel": true,
                                                            "self": 544.7553472999983
                                                        },
                                                        "steps_from_proto": {
                                                            "total": 18.254425199998273,
                                                            "count": 15881,
                                                            "is_parallel": true,
                                                            "self": 2.3960843000250236,
                                                            "children": {
                                                                "_process_vector_observation": {
                                                                    "total": 15.85834089997325,