{"count":1,"self":114.80549119999999,"total":117.70643799999999,"children":{"AgentSendState":{"count":5494,"self":0.1489123,"total":0.21930519999999998,"children":{"CollectObservations":{"count":13188,"self":0.0554176,"total":0.0554176,"children":null},"CollectDiscreteActionMasks":{"count":13188,"self":0.014975299999999999,"total":0.014975299999999999,"children":null}}},"DecideAction":{"count":5494,"self":1.5924675,"total":2.6580561,"children":{"RayPerceptionSensor.Perceive":{"count":79128,"self":1.0655885999999999,"total":1.0655885999999999,"children":null}}},"AgentAct":{"count":5494,"self":0.022566299999999997,"total":0.022566299999999997,"children":null}},"gauges":{"AutoDrone.CumulativeReward":{"count":1,"max":30.6662025,"min":30.6662025,"runningAverage":30.6662025,"value":30.6662025,"weightedAverage":30.6662025}},"metadata":{"timer_format_version":"0.1.0","start_time_seconds":"1602170704","unity_version":"2019.4.10f1","command_line_arguments":"D:\\Softwares\\Unity\\Editors\\2019.4.10f1\\Editor\\Unity.exe -projectpath D:\/Studies\/College\/BTP\/My BTP\/Path Finder Drone\/Autonomous Drone -useHub -hubIPC -cloudEnvironment production -hubSessionId 44d494c0-0978-11eb-9e4f-450444c90075 -accessToken dDxXr9MHZRwGPOMO3ai1bmeXkyLsqovKEJhUyY1t7sA012f","communication_protocol_version":"1.0.0","com.unity.ml-agents_version":"1.0.4","scene_name":"Training for Movement","end_time_seconds":"1602170822"}}