{"count":1,"self":2038.452224,"total":13547.997852999999,"children":{"AgentSendState":{"count":2083611,"self":107.37356799999999,"total":686.5956427,"children":{"CollectObservations":{"count":5000676,"self":25.756841599999998,"total":25.7568421,"children":null},"CollectDiscreteActionMasks":{"count":5000676,"self":7.6807735999999993,"total":7.6807735,"children":null},"AgentInfo.ToProto":{"count":5000676,"self":28.424432,"total":545.78446009999993,"children":{"GenerateSensorData":{"count":5000676,"self":166.339968,"total":517.3600269,"children":{"RayPerceptionSensor.Perceive":{"count":30004056,"self":351.0200576,"total":351.0200559,"children":null}}}}}}},"DecideAction":{"count":2083611,"self":10814.8834304,"total":10814.883807799999,"children":null},"AgentAct":{"count":2083611,"self":7.6374752,"total":7.9598809999999993,"children":{"AgentInfo.ToProto":{"count":2411,"self":0.018931,"total":0.32240579999999996,"children":{"GenerateSensorData":{"count":2411,"self":0.0878095,"total":0.3034748,"children":{"RayPerceptionSensor.Perceive":{"count":14466,"self":0.21566529999999998,"total":0.21566529999999998,"children":null}}}}}}},"AgentInfo.ToProto":{"count":412,"self":0.0060015999999999993,"total":0.1042061,"children":{"GenerateSensorData":{"count":412,"self":0.0230134,"total":0.0982045,"children":{"RayPerceptionSensor.Perceive":{"count":2472,"self":0.0751911,"total":0.0751911,"children":null}}}}}},"gauges":{"AutoDrone.CumulativeReward":{"count":2823,"max":106.089493,"min":-1,"runningAverage":52.326355,"value":93.37888,"weightedAverage":90.47951}},"metadata":{"timer_format_version":"0.1.0","start_time_seconds":"1602072578","unity_version":"2019.4.10f1","command_line_arguments":"D:\\Softwares\\Unity\\Editors\\2019.4.10f1\\Editor\\Unity.exe -projectpath D:\/Studies\/College\/BTP\/My BTP\/Path Finder Drone\/Autonomous Drone -useHub -hubIPC -cloudEnvironment production -hubSessionId 88c67d80-0534-11eb-b9f9-3b2a29980902 -accessToken ibAjOFydmOKOaMtXFWXFgOxASWsWj4ZHHJFAWs19idU012f","communication_protocol_version":"1.0.0","com.unity.ml-agents_version":"1.0.4","scene_name":"Training 2","end_time_seconds":"1602086125"}}