{"count":1,"self":64.208012799999992,"total":64.916575299999991,"children":{"AgentSendState":{"count":2923,"self":0.0718805,"total":0.67410989999999993,"children":{"CollectObservations":{"count":585,"self":0.0036745,"total":0.0036745,"children":null},"CollectDiscreteActionMasks":{"count":585,"self":0.0034828999999999997,"total":0.0034828999999999997,"children":null},"RayPerceptionSensor.Perceive":{"count":3510,"self":0.59507199999999993,"total":0.59507199999999993,"children":null}}},"DecideAction":{"count":2923,"self":0.0196544,"total":0.0196544,"children":null},"AgentAct":{"count":2923,"self":0.012922699999999999,"total":0.012922699999999999,"children":null},"RayPerceptionSensor.Perceive":{"count":6,"self":0.0010291999999999999,"total":0.0010291999999999999,"children":null}},"gauges":{"AutoDrone.CumulativeReward":{"count":1,"max":4.856663,"min":4.856663,"runningAverage":4.856663,"value":4.856663,"weightedAverage":4.856663}},"metadata":{"timer_format_version":"0.1.0","start_time_seconds":"1600967518","unity_version":"2019.4.10f1","command_line_arguments":"D:\\Softwares\\Unity\\Editors\\2019.4.10f1\\Editor\\Unity.exe -projectpath D:\/Studies\/College\/BTP\/My BTP\/Path Finder Drone\/Autonomous Drone -useHub -hubIPC -cloudEnvironment production -hubSessionId d35a8840-fe3c-11ea-a538-01fa2b156648 -accessToken nD2hxZJIS2Hu0N9q9LCovhGLFb8c8pUvyLj4M4J6P44012f","communication_protocol_version":"1.0.0","com.unity.ml-agents_version":"1.0.4","scene_name":"Training 2","end_time_seconds":"1600967582"}}