{"count":1,"self":269.03756799999996,"total":1903.7066310999999,"children":{"AgentSendState":{"count":260384,"self":15.820323199999999,"total":121.37947989999999,"children":{"CollectObservations":{"count":624924,"self":3.8106508,"total":3.8106508999999997,"children":null},"CollectDiscreteActionMasks":{"count":624924,"self":0.9884362,"total":0.9884362,"children":null},"AgentInfo.ToProto":{"count":624924,"self":3.9619988,"total":100.7600691,"children":{"GenerateSensorData":{"count":624924,"self":21.4091968,"total":96.7980702,"children":{"RayPerceptionSensor.Perceive":{"count":3749544,"self":75.388876799999991,"total":75.388873699999991,"children":null}}}}}}},"DecideAction":{"count":260384,"self":1511.9660032,"total":1511.9659961999998,"children":null},"AgentAct":{"count":260384,"self":0.9325654,"total":0.9405988999999999,"children":{"AgentInfo.ToProto":{"count":24,"self":0.0020228,"total":0.008033499999999999,"children":{"GenerateSensorData":{"count":24,"self":0.0019931,"total":0.0060107,"children":{"RayPerceptionSensor.Perceive":{"count":144,"self":0.0040176,"total":0.0040176,"children":null}}}}}}},"AgentInfo.ToProto":{"count":1602,"self":0.0230538,"total":0.381,"children":{"GenerateSensorData":{"count":1602,"self":0.080824399999999991,"total":0.3579462,"children":{"RayPerceptionSensor.Perceive":{"count":9612,"self":0.2771218,"total":0.2771218,"children":null}}}}}},"gauges":{"AutoDrone.CumulativeReward":{"count":1626,"max":124.516396,"min":-0.5678411,"runningAverage":19.354353,"value":7.71130562,"weightedAverage":16.6134186}},"metadata":{"timer_format_version":"0.1.0","start_time_seconds":"1602149750","unity_version":"2019.4.10f1","command_line_arguments":"D:\\Softwares\\Unity\\Editors\\2019.4.10f1\\Editor\\Unity.exe -projectpath D:\/Studies\/College\/BTP\/My BTP\/Path Finder Drone\/Autonomous Drone -useHub -hubIPC -cloudEnvironment production -hubSessionId 88c67d80-0534-11eb-b9f9-3b2a29980902 -accessToken ibAjOFydmOKOaMtXFWXFgOxASWsWj4ZHHJFAWs19idU012f","communication_protocol_version":"1.0.0","com.unity.ml-agents_version":"1.0.4","scene_name":"Training With Obstacles","end_time_seconds":"1602151654"}}