{"count":1,"self":143.25431039999998,"total":661.060619,"children":{"AgentSendState":{"count":78501,"self":4.0721175999999994,"total":34.388553,"children":{"CollectObservations":{"count":188412,"self":0.878371,"total":0.878371,"children":null},"CollectDiscreteActionMasks":{"count":188412,"self":0.2946745,"total":0.2946745,"children":null},"AgentInfo.ToProto":{"count":188412,"self":1.1537389999999998,"total":29.1433899,"children":{"GenerateSensorData":{"count":188412,"self":6.9031335999999994,"total":27.989650899999997,"children":{"RayPerceptionSensor.Perceive":{"count":1130472,"self":21.0865168,"total":21.0865171,"children":null}}}}}}},"DecideAction":{"count":78501,"self":482.8452352,"total":482.8452125,"children":null},"AgentAct":{"count":78501,"self":0.32445589999999996,"total":0.332435,"children":{"AgentInfo.ToProto":{"count":68,"self":0,"total":0.0079791,"children":{"GenerateSensorData":{"count":68,"self":0.0029936,"total":0.0079791,"children":{"RayPerceptionSensor.Perceive":{"count":408,"self":0.0049854999999999995,"total":0.0049854999999999995,"children":null}}}}}}},"AgentInfo.ToProto":{"count":238,"self":0.00095219999999999994,"total":0.23911169999999998,"children":{"GenerateSensorData":{"count":238,"self":0.015064699999999999,"total":0.2381595,"children":{"RayPerceptionSensor.Perceive":{"count":1428,"self":0.22309479999999998,"total":0.22309479999999998,"children":null}}}}}},"gauges":{"AutoDrone.CumulativeReward":{"count":306,"max":0.445039332,"min":-1,"runningAverage":-0.76963,"value":-1,"weightedAverage":-0.414871335}},"metadata":{"timer_format_version":"0.1.0","start_time_seconds":"1601967124","unity_version":"2019.4.10f1","command_line_arguments":"D:\\Softwares\\Unity\\Editors\\2019.4.10f1\\Editor\\Unity.exe -projectpath D:\/Studies\/College\/BTP\/My BTP\/Path Finder Drone\/Autonomous Drone -useHub -hubIPC -cloudEnvironment production -hubSessionId 88c67d80-0534-11eb-b9f9-3b2a29980902 -accessToken ibAjOFydmOKOaMtXFWXFgOxASWsWj4ZHHJFAWs19idU012f","communication_protocol_version":"1.0.0","com.unity.ml-agents_version":"1.0.4","scene_name":"Training 2","end_time_seconds":"1601967785"}}